{
	"info": {
		"_postman_id": "d1b583a4-c5da-467d-87eb-fa47b5a744ee",
		"name": "SSE Service",
		"description": "Server-sent Events (SSE)",
		"schema": "https://schema.getpostman.com/json/collection/v2.1.0/collection.json"
	},
	"item": [
		{
			"name": "GET Server-sent events",
			"request": {
				"method": "GET",
				"header": [
					{
						"key": "Accept",
						"value": "text/event-stream"
					}
				],
				"body": {},
				"url": {
					"raw": "http://localhost:8080/sse-service/api/events",
					"protocol": "http",
					"host": [
						"localhost"
					],
					"port": "8080",
					"path": [
						"sse-service",
						"api",
						"events"
					]
				}
			},
			"response": []
		},
		{
			"name": "POST a message to Server-sent events",
			"request": {
				"method": "POST",
				"header": [],
				"body": {
					"mode": "raw",
					"raw": "Hello SSE events!"
				},
				"url": {
					"raw": "http://localhost:8080/sse-service/api/events",
					"protocol": "http",
					"host": [
						"localhost"
					],
					"port": "8080",
					"path": [
						"sse-service",
						"api",
						"events"
					]
				}
			},
			"response": []
		},
		{
			"name": "DELETE and close SSE",
			"request": {
				"method": "DELETE",
				"header": [],
				"body": {
					"mode": "raw",
					"raw": ""
				},
				"url": {
					"raw": "http://localhost:8080/sse-service/api/events",
					"protocol": "http",
					"host": [
						"localhost"
					],
					"port": "8080",
					"path": [
						"sse-service",
						"api",
						"events"
					]
				}
			},
			"response": []
		},
		{
			"name": "POST a SSE broadcast to all browsers",
			"request": {
				"method": "POST",
				"header": [
					{
						"key": "Content-Type",
						"value": "application/x-www-form-urlencoded"
					}
				],
				"body": {
					"mode": "urlencoded",
					"urlencoded": [
						{
							"key": "message",
							"value": "Hello SSE broadcast from Postman.",
							"description": "",
							"type": "text"
						}
					]
				},
				"url": {
					"raw": "http://localhost:8080/sse-service/api/broadcast",
					"protocol": "http",
					"host": [
						"localhost"
					],
					"port": "8080",
					"path": [
						"sse-service",
						"api",
						"broadcast"
					]
				}
			},
			"response": []
		}
	]
}